<?xml version="1.0" encoding="UTF-8"?>
<WordList>
	<BeginnerWords>
		<word>sun</word>
		<word>cup</word>
		<word>mouth</word>
		<word>river</word>
		<word>fire</word>
		<word>wheel</word>
		<word>can</word>
		<word>glasses</word>
		<word>window</word>
		<word>leaf</word>
		<word>donut</word>
		<word>book</word>
		<word>shoe</word>
		<word>apple</word>
		<word>heart</word>
		<word>ball</word>
		<word>bag</word>
		<word>bell</word>
		<word>bone</word>
		<word>boot</word>
		<word>bottle</word>
		<word>hair</word>
		<word>needle</word>
		<word>pen</word>
		<word>pencil</word>
		<word>star</word>
		<word>tree</word>
    <word>whip</word>
    <word>whale</word>
    <word>candle</word>
    <word>comb</word>
    <word>electric</word>
    <word>shell</word>
    <word>golf</word>
    <word>ear</word>
    <word>microphone</word>
    <word>knee</word>
	</BeginnerWords>
  
	<AdvancedWords>
		<word>ant</word>
		<word>arch</word>
		<word>arm</word>
		<word>baby</word>
		<word>band</word>
		<word>basket</word>
		<word>bath</word>
		<word>bed</word>
		<word>bee</word>
		<word>berry</word>
		<word>bird</word>
		<word>boat</word>
		<word>box</word>
		<word>boy</word>
		<word>brain</word>
		<word>branch</word>
		<word>brick</word>
		<word>bridge</word>
		<word>brush</word>
		<word>bucket</word>
		<word>bulb</word>
		<word>button</word>
		<word>cake</word>
		<word>camera</word>
    <word>cap</word>
		<word>card</word>
		<word>cart</word>
		<word>carriage</word>
		<word>cat</word>
		<word>chain</word>
		<word>cheese</word>
		<word>chest</word>
		<word>chin</word>
		<word>church</word>
		<word>clock</word>
		<word>cloud</word>
		<word>coat</word>
		<word>collar</word>
		<word>computer</word>
		<word>cow</word>
		<word>curtain</word>
		<word>cushion</word>
		<word>dog</word>
		<word>door</word>
		<word>drain</word>
		<word>drawer</word>
		<word>dress</word>
    <word>dream</word>
		<word>drop</word>
		<word>earphone</word>
		<word>egg</word>
		<word>face</word>
		<word>farm</word>
		<word>feather</word>
		<word>finger</word>
		<word>fish</word>
		<word>flag</word>
		<word>floor</word>
		<word>fly</word>
		<word>foot</word>
		<word>fork</word>
		<word>frame</word>
    <word>frog</word>
		<word>garden</word>
		<word>girl</word>
		<word>glove</word>
		<word>goat</word>
		<word>gun</word>
		<word>hammer</word>
		<word>hand</word>
		<word>hat</word>
		<word>head</word>
		<word>hook</word>
		<word>horse</word>
		<word>hospital</word>
		<word>house</word>
		<word>island</word>
		<word>jewel</word>
		<word>kettle</word>
		<word>key</word>
		<word>knife</word>
		<word>knot</word>
		<word>leg</word>
		<word>library</word>
		<word>line</word>
		<word>lock</word>
		<word>map</word>
		<word>match</word>
		<word>monkey</word>
		<word>moon</word>
		<word>muscle</word>
		<word>nail</word>
		<word>neck</word>
		<word>net</word>
		<word>nose</word>
		<word>nut</word>
		<word>office</word>
		<word>oven</word>
    <word>owl</word>
		<word>pig</word>
		<word>pipe</word>
		<word>plane</word>
		<word>plate</word>
		<word>pocket</word>
		<word>potato</word>
		<word>prison</word>
		<word>rail</word>
		<word>rat</word>
		<word>receipt</word>
		<word>ring</word>
		<word>rod</word>
		<word>roof</word>
		<word>root</word>
		<word>sail</word>
    <word>saw</word>
		<word>school</word>
		<word>scissors</word>
		<word>screw</word>
		<word>seed</word>
		<word>sheep</word>
		<word>ship</word>
		<word>shirt</word>
		<word>skirt</word>
		<word>snake</word>
		<word>sock</word>
		<word>spade</word>
		<word>sponge</word>
		<word>spoon</word>
		<word>stocking</word>
		<word>store</word>
		<word>street</word>
		<word>table</word>
		<word>tail</word>
		<word>thumb</word>
		<word>ticket</word>
		<word>tongue</word>
		<word>town</word>
		<word>train</word>
		<word>trousers</word>
		<word>umbrella</word>
		<word>wall</word>
		<word>watch</word>
		<word>whistle</word>
		<word>wing</word>
		<word>worm</word>
	</AdvancedWords>
</WordList>